{
    "sfx": 0.6000000000000001,
    "music": 0.4000000000000001
}