{
    "sfx": 0.16902944383860413,
    "music": 0.1777535441657579
}